session_key,identification_link,user_id,close_type,app_version,os_version,os_major_version,model,date,source,status,configuration,nserrorCode,nserrorDomain,log_filename,reason,issue_type,collected_at,notes
"43f334d4-a6e2-412a-bb58-85895ee67acb__Mar 4, 2026, 1:23:57 PM",https://videoid-mobile.e-szigno.hu/identification/43f334d4-a6e2-412a-bb58-85895ee67acb,43f334d4-a6e2-412a-bb58-85895ee67acb,approve,3.6.1 (2662),iOS 26.3.0,26,iPhone 14,"Mar 4, 2026, 1:23:57 PM",videoId,eSzigno.SelfServicePresenter.Status.finished,PROD Release,0,FaceKom failed no available customer,43f334d4-a6e2-412a-bb58-85895ee67acb_Mar_4__2026__1_23_57_PM.log,,failed no available customer (0),2026-03-05T21:40:44.418Z,
"not available__Mar 2, 2026, 10:40:51 PM",not available,not available,unknown,3.6.1 (2662),iOS 26.3.0,26,iPhone 17 Pro,"Mar 2, 2026, 10:40:51 PM",videoId,unknown,PROD Release,0,FaceKom failed no available customer,not available_Mar_2__2026__10_40_51_PM.log,,failed no available customer (0),2026-03-05T21:41:12.505Z,
"0ac3fa99-4d0b-46ee-b220-5f15bb9a215a__Mar 2, 2026, 4:21:01 PM",https://videoid-mobile.e-szigno.hu/identification/0ac3fa99-4d0b-46ee-b220-5f15bb9a215a,0ac3fa99-4d0b-46ee-b220-5f15bb9a215a,unknown,3.6.1 (2662),iOS 26.3.0,26,iPhone 16,"Mar 2, 2026, 4:21:01 PM",videoId,eSzigno.SelfServicePresenter.Status.aborted,PROD Release,0,FaceKom failed no available customer,0ac3fa99-4d0b-46ee-b220-5f15bb9a215a_Mar_2__2026__4_21_01_PM.log,,failed no available customer (0),2026-03-05T21:41:35.614Z,
"not available__Feb 26, 2026, 5:56:28 PM",not available,not available,unknown,3.6.1 (2662),iOS 26.3.0,26,iPhone 13,"Feb 26, 2026, 5:56:28 PM",videoId,unknown,PROD Release,0,FaceKom failed no available customer,not available_Feb_26__2026__5_56_28_PM.log,,failed no available customer (0),2026-03-05T21:42:03.687Z,
"not available__Feb 26, 2026, 5:54:46 PM",not available,not available,unknown,3.6.1 (2662),iOS 26.3.0,26,iPhone 13,"Feb 26, 2026, 5:54:46 PM",videoId,unknown,PROD Release,0,FaceKom failed no available customer,not available_Feb_26__2026__5_54_46_PM.log,,failed no available customer (0),2026-03-05T21:42:31.769Z,
"not available__Feb 26, 2026, 5:54:36 PM",not available,not available,unknown,3.6.1 (2662),iOS 26.3.0,26,iPhone 13,"Feb 26, 2026, 5:54:36 PM",videoId,unknown,PROD Release,0,FaceKom failed no available customer,not available_Feb_26__2026__5_54_36_PM.log,,failed no available customer (0),2026-03-05T21:42:59.906Z,
"not available__Feb 26, 2026, 1:54:03 PM",not available,not available,unknown,3.6.1 (2662),iOS 26.3.0,26,iPhone 13,"Feb 26, 2026, 1:54:03 PM",Logged in videoId,unknown,PROD Release,0,FaceKom failed no available customer,not available_Feb_26__2026__1_54_03_PM.log,,failed no available customer (0),2026-03-05T21:43:27.969Z,
"f985f938-0967-465b-bdf4-4a7b003b997b__Feb 25, 2026, 7:45:13 PM",https://videoid-mobile.e-szigno.hu/identification/f985f938-0967-465b-bdf4-4a7b003b997b,f985f938-0967-465b-bdf4-4a7b003b997b,approve,3.6.1 (2662),iOS 26.3.0,26,iPhone 16 Pro,"Feb 25, 2026, 7:45:13 PM",videoId,eSzigno.SelfServicePresenter.Status.finished,PROD Release,0,FaceKom failed no available customer,f985f938-0967-465b-bdf4-4a7b003b997b_Feb_25__2026__7_45_13_PM.log,,failed no available customer (0),2026-03-05T21:43:46.036Z,
"not available__Feb 25, 2026, 1:02:29 PM",not available,not available,unknown,3.6.1 (2662),iOS 26.2.1,26,iPhone 15 Pro,"Feb 25, 2026, 1:02:29 PM",videoId,unknown,PROD Release,0,FaceKom failed no available customer,not available_Feb_25__2026__1_02_29_PM.log,,failed no available customer (0),2026-03-05T21:44:14.118Z,
"b7acc5c1-7b98-4a0e-8467-26f09464d41d__Feb 25, 2026, 12:57:37 PM",https://videoid-mobile.e-szigno.hu/identification/b7acc5c1-7b98-4a0e-8467-26f09464d41d,b7acc5c1-7b98-4a0e-8467-26f09464d41d,unknown,3.6.1 (2662),iOS 17.6.1,17,iPhone 13,"Feb 25, 2026, 12:57:37 PM",videoId,eSzigno.SelfServicePresenter.Status.aborted,PROD Release,0,FaceKom failed no available customer,b7acc5c1-7b98-4a0e-8467-26f09464d41d_Feb_25__2026__12_57_37_PM.log,,failed no available customer (0),2026-03-05T21:44:37.218Z,
"not available__Feb 25, 2026, 12:57:03 PM",not available,not available,unknown,3.6.1 (2662),iOS 26.2.1,26,iPhone 15 Pro,"Feb 25, 2026, 12:57:03 PM",videoId,unknown,PROD Release,0,FaceKom failed no available customer,not available_Feb_25__2026__12_57_03_PM.log,,failed no available customer (0),2026-03-05T21:45:05.301Z,
"b7acc5c1-7b98-4a0e-8467-26f09464d41d__Feb 25, 2026, 12:55:17 PM",https://videoid-mobile.e-szigno.hu/identification/b7acc5c1-7b98-4a0e-8467-26f09464d41d,b7acc5c1-7b98-4a0e-8467-26f09464d41d,unknown,3.6.1 (2662),iOS 26.2.1,26,iPhone 15 Pro,"Feb 25, 2026, 12:55:17 PM",videoId,eSzigno.SelfServicePresenter.Status.aborted,PROD Release,0,FaceKom failed no available customer,b7acc5c1-7b98-4a0e-8467-26f09464d41d_Feb_25__2026__12_55_17_PM.log,,failed no available customer (0),2026-03-05T21:45:28.438Z,
"b7acc5c1-7b98-4a0e-8467-26f09464d41d__Feb 25, 2026, 12:54:03 PM",https://videoid-mobile.e-szigno.hu/identification/b7acc5c1-7b98-4a0e-8467-26f09464d41d,b7acc5c1-7b98-4a0e-8467-26f09464d41d,unknown,3.6.1 (2662),iOS 26.2.1,26,iPhone 15 Pro,"Feb 25, 2026, 12:54:03 PM",videoId,eSzigno.SelfServicePresenter.Status.aborted,PROD Release,0,FaceKom failed no available customer,b7acc5c1-7b98-4a0e-8467-26f09464d41d_Feb_25__2026__12_54_03_PM.log,,failed no available customer (0),2026-03-05T21:45:51.584Z,
"dcfa42a5-7f7a-49fd-be7c-be02895b064c__Mar 5, 2026, 1:01:42 PM",https://videoid-mobile.e-szigno.hu/identification/dcfa42a5-7f7a-49fd-be7c-be02895b064c,dcfa42a5-7f7a-49fd-be7c-be02895b064c,unknown,3.6.1 (2662),iOS 26.3.0,26,iPhone 15,"Mar 5, 2026, 1:01:42 PM",videoId,unknown,PROD Release,0,FaceKom disconnected,dcfa42a5-7f7a-49fd-be7c-be02895b064c_Mar_5__2026__1_01_42_PM.log,,disconnected (0),2026-03-05T21:58:19.969Z,
"dcfa42a5-7f7a-49fd-be7c-be02895b064c__Mar 5, 2026, 12:59:41 PM",https://videoid-mobile.e-szigno.hu/identification/dcfa42a5-7f7a-49fd-be7c-be02895b064c,dcfa42a5-7f7a-49fd-be7c-be02895b064c,unknown,3.6.1 (2662),iOS 26.3.0,26,iPhone 15,"Mar 5, 2026, 12:59:41 PM",videoId,unknown,PROD Release,0,FaceKom disconnected,dcfa42a5-7f7a-49fd-be7c-be02895b064c_Mar_5__2026__12_59_41_PM.log,,disconnected (0),2026-03-05T21:58:35.999Z,
"b0b6f4ce-2abd-4cd7-a1f4-85fce1d3da9f__Mar 4, 2026, 7:10:04 PM",https://videoid-mobile.e-szigno.hu/identification/b0b6f4ce-2abd-4cd7-a1f4-85fce1d3da9f,b0b6f4ce-2abd-4cd7-a1f4-85fce1d3da9f,unknown,3.6.1 (2662),iOS 18.7.1,18,iPhone 15 Pro,"Mar 4, 2026, 7:10:04 PM",videoId,eSzigno.SelfServicePresenter.Status.finished,PROD Release,0,FaceKom disconnected,b0b6f4ce-2abd-4cd7-a1f4-85fce1d3da9f_Mar_4__2026__7_10_04_PM.log,,disconnected (0),2026-03-05T21:58:47.145Z,
"51d5c530-3a62-45fa-a901-75d4df0517ad__Mar 3, 2026, 10:31:03 PM",https://videoid-mobile.e-szigno.hu/identification/51d5c530-3a62-45fa-a901-75d4df0517ad,51d5c530-3a62-45fa-a901-75d4df0517ad,unknown,3.6.1 (2662),iOS 18.6.2,18,iPhone 12,"Mar 3, 2026, 10:31:03 PM",videoId,eSzigno.SelfServicePresenter.Status.finished,PROD Release,0,FaceKom disconnected,51d5c530-3a62-45fa-a901-75d4df0517ad_Mar_3__2026__10_31_03_PM.log,,disconnected (0),2026-03-05T21:59:10.271Z,
"51d5c530-3a62-45fa-a901-75d4df0517ad__Mar 3, 2026, 10:30:33 PM",https://videoid-mobile.e-szigno.hu/identification/51d5c530-3a62-45fa-a901-75d4df0517ad,51d5c530-3a62-45fa-a901-75d4df0517ad,unknown,3.6.1 (2662),iOS 18.6.2,18,iPhone 12,"Mar 3, 2026, 10:30:33 PM",videoId,eSzigno.SelfServicePresenter.Status.finished,PROD Release,0,FaceKom disconnected,51d5c530-3a62-45fa-a901-75d4df0517ad_Mar_3__2026__10_30_33_PM.log,,disconnected (0),2026-03-05T21:59:33.376Z,
"81f60bbd-3440-44a8-98e9-8d4a61a8f255__Mar 3, 2026, 12:10:17 PM",https://videoid-mobile.e-szigno.hu/identification/81f60bbd-3440-44a8-98e9-8d4a61a8f255,81f60bbd-3440-44a8-98e9-8d4a61a8f255,unknown,3.6.1 (2662),iOS 26.3.0,26,iPhone 16,"Mar 3, 2026, 12:10:17 PM",videoId,unknown,PROD Release,0,FaceKom disconnected,81f60bbd-3440-44a8-98e9-8d4a61a8f255_Mar_3__2026__12_10_17_PM.log,,disconnected (0),2026-03-05T22:00:01.482Z,
"81f60bbd-3440-44a8-98e9-8d4a61a8f255__Mar 3, 2026, 12:08:25 PM",https://videoid-mobile.e-szigno.hu/identification/81f60bbd-3440-44a8-98e9-8d4a61a8f255,81f60bbd-3440-44a8-98e9-8d4a61a8f255,unknown,3.6.1 (2662),iOS 26.3.0,26,iPhone 16,"Mar 3, 2026, 12:08:25 PM",videoId,unknown,PROD Release,0,FaceKom disconnected,81f60bbd-3440-44a8-98e9-8d4a61a8f255_Mar_3__2026__12_08_25_PM.log,,disconnected (0),2026-03-05T22:00:29.650Z,
"4a6d99b7-fdca-451c-8b3d-c8957c875fc5__Mar 2, 2026, 2:34:03 PM",https://videoid-mobile.e-szigno.hu/identification/4a6d99b7-fdca-451c-8b3d-c8957c875fc5,4a6d99b7-fdca-451c-8b3d-c8957c875fc5,unknown,3.6.1 (2662),iOS 26.2.0,26,iPhone 13 Pro Max,"Mar 2, 2026, 2:34:03 PM",videoId,unknown,PROD Release,0,FaceKom disconnected,4a6d99b7-fdca-451c-8b3d-c8957c875fc5_Mar_2__2026__2_34_03_PM.log,,disconnected (0),2026-03-05T22:00:57.795Z,
"1f462011-8a33-4854-bb8f-078302899e96__Mar 2, 2026, 1:26:48 PM",https://videoid-mobile.e-szigno.hu/identification/1f462011-8a33-4854-bb8f-078302899e96,1f462011-8a33-4854-bb8f-078302899e96,unknown,3.6.1 (2662),iOS 26.3.0,26,iPhone 17 Pro,"Mar 2, 2026, 1:26:48 PM",videoId,eSzigno.SelfServicePresenter.Status.finished,PROD Release,0,FaceKom disconnected,1f462011-8a33-4854-bb8f-078302899e96_Mar_2__2026__1_26_48_PM.log,,disconnected (0),2026-03-05T22:01:20.950Z,
"44fb7f81-3c65-48e5-8bc1-e5c0a45e373a-1772443157__Mar 2, 2026, 11:55:44 AM",https://videoid-mobile.e-szigno.hu/identification/44fb7f81-3c65-48e5-8bc1-e5c0a45e373a-1772443157,44fb7f81-3c65-48e5-8bc1-e5c0a45e373a-1772443157,unknown,3.6.1 (2662),iOS 26.3.0,26,iPhone 14,"Mar 2, 2026, 11:55:44 AM",videoId,unknown,PROD Release,0,FaceKom disconnected,44fb7f81-3c65-48e5-8bc1-e5c0a45e373a-1772443157_Mar_2__2026__11_55_44_AM.log,,disconnected (0),2026-03-05T22:01:49.071Z,
"44fb7f81-3c65-48e5-8bc1-e5c0a45e373a-1772443157__Mar 2, 2026, 11:49:24 AM",https://videoid-mobile.e-szigno.hu/identification/44fb7f81-3c65-48e5-8bc1-e5c0a45e373a-1772443157,44fb7f81-3c65-48e5-8bc1-e5c0a45e373a-1772443157,unknown,3.6.1 (2662),iOS 26.3.0,26,iPhone 14,"Mar 2, 2026, 11:49:24 AM",videoId,eSzigno.SelfServicePresenter.Status.aborted,PROD Release,0,FaceKom disconnected,44fb7f81-3c65-48e5-8bc1-e5c0a45e373a-1772443157_Mar_2__2026__11_49_24_AM.log,,disconnected (0),2026-03-05T22:02:12.187Z,
"a6e5e09f-3fc6-4199-97c2-fd49322aae02__Feb 27, 2026, 9:59:51 AM",https://videoid-mobile.e-szigno.hu/identification/a6e5e09f-3fc6-4199-97c2-fd49322aae02,a6e5e09f-3fc6-4199-97c2-fd49322aae02,unknown,3.6.1 (2662),iOS 26.2.1,26,iPhone 16 Pro,"Feb 27, 2026, 9:59:51 AM",videoId,unknown,PROD Release,0,FaceKom disconnected,a6e5e09f-3fc6-4199-97c2-fd49322aae02_Feb_27__2026__9_59_51_AM.log,,disconnected (0),2026-03-05T22:02:40.393Z,
"50d9b75e-677f-4239-b871-a1a36d930de4__Feb 26, 2026, 9:44:06 AM",https://videoid-mobile.e-szigno.hu/identification/50d9b75e-677f-4239-b871-a1a36d930de4,50d9b75e-677f-4239-b871-a1a36d930de4,unknown,3.6.1 (2662),iOS 26.2.0,26,iPhone 13,"Feb 26, 2026, 9:44:06 AM",videoId,unknown,PROD Release,0,FaceKom disconnected,50d9b75e-677f-4239-b871-a1a36d930de4_Feb_26__2026__9_44_06_AM.log,,disconnected (0),2026-03-05T22:03:08.558Z,
"50d9b75e-677f-4239-b871-a1a36d930de4__Feb 26, 2026, 9:38:44 AM",https://videoid-mobile.e-szigno.hu/identification/50d9b75e-677f-4239-b871-a1a36d930de4,50d9b75e-677f-4239-b871-a1a36d930de4,unknown,3.6.1 (2662),iOS 26.2.0,26,iPhone 13,"Feb 26, 2026, 9:38:44 AM",videoId,eSzigno.SelfServicePresenter.Status.aborted,PROD Release,0,FaceKom disconnected,50d9b75e-677f-4239-b871-a1a36d930de4_Feb_26__2026__9_38_44_AM.log,,disconnected (0),2026-03-05T22:03:31.702Z,
"50d9b75e-677f-4239-b871-a1a36d930de4__Feb 26, 2026, 9:31:11 AM",https://videoid-mobile.e-szigno.hu/identification/50d9b75e-677f-4239-b871-a1a36d930de4,50d9b75e-677f-4239-b871-a1a36d930de4,unknown,3.6.1 (2662),iOS 26.2.0,26,iPhone 13,"Feb 26, 2026, 9:31:11 AM",videoId,eSzigno.SelfServicePresenter.Status.aborted,PROD Release,0,FaceKom disconnected,50d9b75e-677f-4239-b871-a1a36d930de4_Feb_26__2026__9_31_11_AM.log,,disconnected (0),2026-03-05T22:03:54.860Z,
"50d9b75e-677f-4239-b871-a1a36d930de4__Feb 26, 2026, 9:14:42 AM",https://videoid-mobile.e-szigno.hu/identification/50d9b75e-677f-4239-b871-a1a36d930de4,50d9b75e-677f-4239-b871-a1a36d930de4,unknown,3.6.1 (2662),iOS 26.2.0,26,iPhone 13,"Feb 26, 2026, 9:14:42 AM",videoId,unknown,PROD Release,0,FaceKom disconnected,50d9b75e-677f-4239-b871-a1a36d930de4_Feb_26__2026__9_14_42_AM.log,,disconnected (0),2026-03-05T22:04:23.008Z,
"1452dc0f-f541-40b1-9966-c2f3a8a0b8eb__Feb 25, 2026, 2:32:39 PM",https://videoid-mobile.e-szigno.hu/identification/1452dc0f-f541-40b1-9966-c2f3a8a0b8eb,1452dc0f-f541-40b1-9966-c2f3a8a0b8eb,unknown,3.6.1 (2662),iOS 26.3.0,26,iPhone 16 Pro Max,"Feb 25, 2026, 2:32:39 PM",videoId,eSzigno.SelfServicePresenter.Status.finished,PROD Release,0,FaceKom disconnected,1452dc0f-f541-40b1-9966-c2f3a8a0b8eb_Feb_25__2026__2_32_39_PM.log,,disconnected (0),2026-03-05T22:04:46.100Z,
"21a3b08c-8d4f-40a7-8eec-19a8cdd7951d-1772011850__Feb 25, 2026, 2:29:58 PM",https://videoid-mobile.e-szigno.hu/identification/21a3b08c-8d4f-40a7-8eec-19a8cdd7951d-1772011850,21a3b08c-8d4f-40a7-8eec-19a8cdd7951d-1772011850,unknown,3.6.1 (2662),iOS 18.5.0,18,iPhone 13,"Feb 25, 2026, 2:29:58 PM",videoId,eSzigno.SelfServicePresenter.Status.finished,PROD Release,0,FaceKom disconnected,21a3b08c-8d4f-40a7-8eec-19a8cdd7951d-1772011850_Feb_25__2026__2_29_58_PM.log,,disconnected (0),2026-03-05T22:05:09.231Z,
"355d615e-0410-431f-a790-9aa7d1a4f7b4__Feb 25, 2026, 1:47:13 PM",https://videoid-mobile.e-szigno.hu/identification/355d615e-0410-431f-a790-9aa7d1a4f7b4,355d615e-0410-431f-a790-9aa7d1a4f7b4,unknown,3.6.1 (2662),iOS 26.2.1,26,iPhone 15 Pro,"Feb 25, 2026, 1:47:13 PM",videoId,unknown,PROD Release,0,FaceKom disconnected,355d615e-0410-431f-a790-9aa7d1a4f7b4_Feb_25__2026__1_47_13_PM.log,,disconnected (0),2026-03-05T22:05:37.370Z,
"51986294-6178-4cff-af0d-c6aeddff54d8__Feb 25, 2026, 1:41:25 PM",https://videoid-mobile.e-szigno.hu/identification/51986294-6178-4cff-af0d-c6aeddff54d8,51986294-6178-4cff-af0d-c6aeddff54d8,unknown,3.6.1 (2662),iOS 26.2.1,26,iPhone 17 Pro,"Feb 25, 2026, 1:41:25 PM",videoId,eSzigno.SelfServicePresenter.Status.finished,PROD Release,0,FaceKom disconnected,51986294-6178-4cff-af0d-c6aeddff54d8_Feb_25__2026__1_41_25_PM.log,,disconnected (0),2026-03-05T22:06:00.515Z,
"355d615e-0410-431f-a790-9aa7d1a4f7b4__Feb 25, 2026, 1:40:29 PM",https://videoid-mobile.e-szigno.hu/identification/355d615e-0410-431f-a790-9aa7d1a4f7b4,355d615e-0410-431f-a790-9aa7d1a4f7b4,unknown,3.6.1 (2662),iOS 26.2.1,26,iPhone 15 Pro,"Feb 25, 2026, 1:40:29 PM",videoId,unknown,PROD Release,0,FaceKom disconnected,355d615e-0410-431f-a790-9aa7d1a4f7b4_Feb_25__2026__1_40_29_PM.log,,disconnected (0),2026-03-05T22:06:28.685Z,
"73f22208-4aae-4c7c-93a1-3f74610d6823__Feb 25, 2026, 1:39:23 PM",https://videoid-mobile.e-szigno.hu/identification/73f22208-4aae-4c7c-93a1-3f74610d6823,73f22208-4aae-4c7c-93a1-3f74610d6823,unknown,3.6.1 (2662),iOS 26.2.1,26,iPhone 15 Pro,"Feb 25, 2026, 1:39:23 PM",videoId,unknown,PROD Release,0,FaceKom disconnected,73f22208-4aae-4c7c-93a1-3f74610d6823_Feb_25__2026__1_39_23_PM.log,,disconnected (0),2026-03-05T22:06:56.851Z,
"77776502-aeeb-4235-9db2-60a191e90497__Feb 25, 2026, 1:39:04 PM",https://videoid-mobile.e-szigno.hu/identification/77776502-aeeb-4235-9db2-60a191e90497,77776502-aeeb-4235-9db2-60a191e90497,unknown,3.6.1 (2662),iOS 26.3.0,26,iPhone 16 Pro,"Feb 25, 2026, 1:39:04 PM",videoId,unknown,PROD Release,0,FaceKom disconnected,77776502-aeeb-4235-9db2-60a191e90497_Feb_25__2026__1_39_04_PM.log,,disconnected (0),2026-03-05T22:07:25.025Z,
"88f2f0f3-9426-4776-ac8c-1a1a89d174d4__Feb 25, 2026, 1:19:39 PM",https://videoid-mobile.e-szigno.hu/identification/88f2f0f3-9426-4776-ac8c-1a1a89d174d4,88f2f0f3-9426-4776-ac8c-1a1a89d174d4,unknown,3.6.1 (2662),iOS 26.2.1,26,iPhone 15 Pro,"Feb 25, 2026, 1:19:39 PM",videoId,unknown,PROD Release,0,FaceKom disconnected,88f2f0f3-9426-4776-ac8c-1a1a89d174d4_Feb_25__2026__1_19_39_PM.log,,disconnected (0),2026-03-05T22:07:53.232Z,
"88f2f0f3-9426-4776-ac8c-1a1a89d174d4__Feb 25, 2026, 1:19:01 PM",https://videoid-mobile.e-szigno.hu/identification/88f2f0f3-9426-4776-ac8c-1a1a89d174d4,88f2f0f3-9426-4776-ac8c-1a1a89d174d4,unknown,3.6.1 (2662),iOS 26.2.1,26,iPhone 15 Pro,"Feb 25, 2026, 1:19:01 PM",videoId,eSzigno.SelfServicePresenter.Status.failed,PROD Release,0,FaceKom disconnected,88f2f0f3-9426-4776-ac8c-1a1a89d174d4_Feb_25__2026__1_19_01_PM.log,,disconnected (0),2026-03-05T22:08:16.387Z,
"88f2f0f3-9426-4776-ac8c-1a1a89d174d4__Feb 25, 2026, 1:18:35 PM",https://videoid-mobile.e-szigno.hu/identification/88f2f0f3-9426-4776-ac8c-1a1a89d174d4,88f2f0f3-9426-4776-ac8c-1a1a89d174d4,unknown,3.6.1 (2662),iOS 26.2.1,26,iPhone 15 Pro,"Feb 25, 2026, 1:18:35 PM",videoId,eSzigno.SelfServicePresenter.Status.failed,PROD Release,0,FaceKom disconnected,88f2f0f3-9426-4776-ac8c-1a1a89d174d4_Feb_25__2026__1_18_35_PM.log,,disconnected (0),2026-03-05T22:08:39.566Z,
"7f244f7f-dd18-4725-9c17-22e9bf1939fe__Feb 25, 2026, 1:18:11 PM",https://videoid-mobile.e-szigno.hu/identification/7f244f7f-dd18-4725-9c17-22e9bf1939fe,7f244f7f-dd18-4725-9c17-22e9bf1939fe,unknown,3.6.1 (2662),iOS 17.6.1,17,iPhone 13,"Feb 25, 2026, 1:18:11 PM",videoId,unknown,PROD Release,0,FaceKom disconnected,7f244f7f-dd18-4725-9c17-22e9bf1939fe_Feb_25__2026__1_18_11_PM.log,,disconnected (0),2026-03-05T22:09:07.647Z,
"7f244f7f-dd18-4725-9c17-22e9bf1939fe__Feb 25, 2026, 1:13:48 PM",https://videoid-mobile.e-szigno.hu/identification/7f244f7f-dd18-4725-9c17-22e9bf1939fe,7f244f7f-dd18-4725-9c17-22e9bf1939fe,unknown,3.6.1 (2662),iOS 17.6.1,17,iPhone 13,"Feb 25, 2026, 1:13:48 PM",videoId,unknown,PROD Release,0,FaceKom disconnected,7f244f7f-dd18-4725-9c17-22e9bf1939fe_Feb_25__2026__1_13_48_PM.log,,disconnected (0),2026-03-05T22:09:35.705Z,
"98f8a64a-c356-41e4-a971-01bc263138bd__Feb 25, 2026, 9:16:42 AM",https://videoid-mobile.e-szigno.hu/identification/98f8a64a-c356-41e4-a971-01bc263138bd,98f8a64a-c356-41e4-a971-01bc263138bd,unknown,3.6.1 (2662),iOS 26.3.0,26,iPhone 15 Pro Max,"Feb 25, 2026, 9:16:42 AM",videoId,unknown,PROD Release,0,FaceKom disconnected,98f8a64a-c356-41e4-a971-01bc263138bd_Feb_25__2026__9_16_42_AM.log,,disconnected (0),2026-03-05T22:10:03.906Z,
"46e2e22c-5955-4379-8c00-197d88b4ca3e-1770800537__Feb 24, 2026, 10:20:30 PM",https://videoid-mobile.e-szigno.hu/identification/46e2e22c-5955-4379-8c00-197d88b4ca3e-1770800537,46e2e22c-5955-4379-8c00-197d88b4ca3e-1770800537,unknown,3.6.1 (2662),iOS 26.3.0,26,iPhone 17 Pro,"Feb 24, 2026, 10:20:30 PM",videoId,unknown,PROD Release,0,FaceKom disconnected,46e2e22c-5955-4379-8c00-197d88b4ca3e-1770800537_Feb_24__2026__10_20_30_PM.log,,disconnected (0),2026-03-05T22:10:32.004Z,
"46e2e22c-5955-4379-8c00-197d88b4ca3e-1770800537__Feb 24, 2026, 10:16:48 PM",https://videoid-mobile.e-szigno.hu/identification/46e2e22c-5955-4379-8c00-197d88b4ca3e-1770800537,46e2e22c-5955-4379-8c00-197d88b4ca3e-1770800537,unknown,3.6.1 (2662),iOS 26.3.0,26,iPhone 17 Pro,"Feb 24, 2026, 10:16:48 PM",videoId,unknown,PROD Release,0,FaceKom disconnected,46e2e22c-5955-4379-8c00-197d88b4ca3e-1770800537_Feb_24__2026__10_16_48_PM.log,,disconnected (0),2026-03-05T22:11:00.396Z,
"150a7cf6-1210-452a-b96a-48fbb77a134f__Feb 24, 2026, 5:24:24 PM",https://videoid-mobile.e-szigno.hu/identification/150a7cf6-1210-452a-b96a-48fbb77a134f,150a7cf6-1210-452a-b96a-48fbb77a134f,unknown,3.6.1 (2662),iOS 26.1.0,26,iPhone SE (2nd generation),"Feb 24, 2026, 5:24:24 PM",Logged in videoId,eSzigno.SelfServicePresenter.Status.finished,PROD Release,0,FaceKom disconnected,150a7cf6-1210-452a-b96a-48fbb77a134f_Feb_24__2026__5_24_24_PM.log,,disconnected (0),2026-03-05T22:11:23.529Z,
"881e4667-69cc-452f-bf81-4c0e04ab661d-1771942958__Feb 24, 2026, 4:37:19 PM",https://videoid-mobile.e-szigno.hu/identification/881e4667-69cc-452f-bf81-4c0e04ab661d-1771942958,881e4667-69cc-452f-bf81-4c0e04ab661d-1771942958,unknown,3.6.1 (2662),iOS 26.3.0,26,iPhone 14,"Feb 24, 2026, 4:37:19 PM",Logged out videoId,eSzigno.SelfServicePresenter.Status.aborted,PROD Release,0,FaceKom disconnected,881e4667-69cc-452f-bf81-4c0e04ab661d-1771942958_Feb_24__2026__4_37_19_PM.log,,disconnected (0),2026-03-05T22:11:46.689Z,
"a415caf6-7673-42cf-a97b-c613ba3ccd0c__Feb 24, 2026, 1:21:11 PM",https://videoid-mobile.e-szigno.hu/identification/a415caf6-7673-42cf-a97b-c613ba3ccd0c,a415caf6-7673-42cf-a97b-c613ba3ccd0c,unknown,3.6.1 (2662),iOS 26.2.1,26,iPhone 13 Pro,"Feb 24, 2026, 1:21:11 PM",Logged out videoId,eSzigno.SelfServicePresenter.Status.finished,PROD Release,0,FaceKom disconnected,a415caf6-7673-42cf-a97b-c613ba3ccd0c_Feb_24__2026__1_21_11_PM.log,,disconnected (0),2026-03-05T22:12:09.670Z,
"db3f0cfc-8e7f-4fde-9e40-a94d85b4cc7f__Feb 24, 2026, 1:10:39 PM",https://videoid-mobile.e-szigno.hu/identification/db3f0cfc-8e7f-4fde-9e40-a94d85b4cc7f,db3f0cfc-8e7f-4fde-9e40-a94d85b4cc7f,unknown,3.6.1 (2662),iOS 16.6.0,16,iPhone 8,"Feb 24, 2026, 1:10:39 PM",videoId,unknown,PROD Release,0,FaceKom disconnected,db3f0cfc-8e7f-4fde-9e40-a94d85b4cc7f_Feb_24__2026__1_10_39_PM.log,,disconnected (0),2026-03-05T22:12:37.785Z,
"8dff932e-7646-4338-9c1a-14fc8ef66088__Feb 24, 2026, 11:05:31 AM",https://videoid-mobile.e-szigno.hu/identification/8dff932e-7646-4338-9c1a-14fc8ef66088,8dff932e-7646-4338-9c1a-14fc8ef66088,unknown,3.6.1 (2662),iOS 26.2.1,26,iPhone 15,"Feb 24, 2026, 11:05:31 AM",videoId,eSzigno.SelfServicePresenter.Status.aborted,PROD Release,0,FaceKom disconnected,8dff932e-7646-4338-9c1a-14fc8ef66088_Feb_24__2026__11_05_31_AM.log,,disconnected (0),2026-03-05T22:13:00.866Z,
"9772041c-1e00-4e71-a182-bfb275dd6c62__Feb 24, 2026, 9:32:20 AM",https://videoid-mobile.e-szigno.hu/identification/9772041c-1e00-4e71-a182-bfb275dd6c62,9772041c-1e00-4e71-a182-bfb275dd6c62,unknown,3.6.1 (2662),iOS 26.3.0,26,iPhone 13,"Feb 24, 2026, 9:32:20 AM",videoId,unknown,PROD Release,0,FaceKom disconnected,9772041c-1e00-4e71-a182-bfb275dd6c62_Feb_24__2026__9_32_20_AM.log,,disconnected (0),2026-03-05T22:13:28.866Z,
"8dff932e-7646-4338-9c1a-14fc8ef66088__Feb 24, 2026, 9:14:13 AM",https://videoid-mobile.e-szigno.hu/identification/8dff932e-7646-4338-9c1a-14fc8ef66088,8dff932e-7646-4338-9c1a-14fc8ef66088,unknown,3.6.1 (2662),iOS 26.2.1,26,iPhone 15,"Feb 24, 2026, 9:14:13 AM",videoId,eSzigno.SelfServicePresenter.Status.aborted,PROD Release,0,FaceKom disconnected,8dff932e-7646-4338-9c1a-14fc8ef66088_Feb_24__2026__9_14_13_AM.log,,disconnected (0),2026-03-05T22:13:51.906Z,
"80efe08b-0ad7-47bb-be80-8ecd96412adf-1771849740__Feb 23, 2026, 1:50:46 PM",https://videoid-mobile.e-szigno.hu/identification/80efe08b-0ad7-47bb-be80-8ecd96412adf-1771849740,80efe08b-0ad7-47bb-be80-8ecd96412adf-1771849740,unknown,3.6.1 (2662),iOS 26.2.1,26,iPhone 14 Pro Max,"Feb 23, 2026, 1:50:46 PM",videoId,unknown,PROD Release,0,FaceKom disconnected,80efe08b-0ad7-47bb-be80-8ecd96412adf-1771849740_Feb_23__2026__1_50_46_PM.log,,disconnected (0),2026-03-05T22:14:20.038Z,
"5140d0c4-a698-4951-891f-0668a59ccc73__Feb 23, 2026, 11:41:24 AM",https://videoid-mobile.e-szigno.hu/identification/5140d0c4-a698-4951-891f-0668a59ccc73,5140d0c4-a698-4951-891f-0668a59ccc73,unknown,3.6.1 (2662),iOS 18.5.0,18,iPhone 16 Pro Max,"Feb 23, 2026, 11:41:24 AM",videoId,eSzigno.SelfServicePresenter.Status.aborted,PROD Release,0,FaceKom disconnected,5140d0c4-a698-4951-891f-0668a59ccc73_Feb_23__2026__11_41_24_AM.log,,disconnected (0),2026-03-05T22:14:43.196Z,
"938b12e2-28d0-44cb-a550-d95622762443-1771841768__Feb 23, 2026, 11:17:38 AM",https://videoid-mobile.e-szigno.hu/identification/938b12e2-28d0-44cb-a550-d95622762443-1771841768,938b12e2-28d0-44cb-a550-d95622762443-1771841768,unknown,3.6.1 (2662),iOS 26.2.1,26,iPhone 17,"Feb 23, 2026, 11:17:38 AM",videoId,eSzigno.SelfServicePresenter.Status.failed,PROD Release,0,FaceKom disconnected,938b12e2-28d0-44cb-a550-d95622762443-1771841768_Feb_23__2026__11_17_38_AM.log,,disconnected (0),2026-03-05T22:15:06.358Z,
"6196d999-6e2b-4ba8-96ad-47097e8a3072-1771486940__Feb 23, 2026, 11:00:26 AM",https://videoid-mobile.e-szigno.hu/identification/6196d999-6e2b-4ba8-96ad-47097e8a3072-1771486940,6196d999-6e2b-4ba8-96ad-47097e8a3072-1771486940,unknown,3.6.1 (2662),iOS 26.3.0,26,iPhone 16 Pro,"Feb 23, 2026, 11:00:26 AM",videoId,eSzigno.SelfServicePresenter.Status.aborted,PROD Release,0,FaceKom disconnected,6196d999-6e2b-4ba8-96ad-47097e8a3072-1771486940_Feb_23__2026__11_00_26_AM.log,,disconnected (0),2026-03-05T22:15:29.547Z,
"6196d999-6e2b-4ba8-96ad-47097e8a3072-1771486940__Feb 23, 2026, 10:58:59 AM",https://videoid-mobile.e-szigno.hu/identification/6196d999-6e2b-4ba8-96ad-47097e8a3072-1771486940,6196d999-6e2b-4ba8-96ad-47097e8a3072-1771486940,unknown,3.6.1 (2662),iOS 26.3.0,26,iPhone 16 Pro,"Feb 23, 2026, 10:58:59 AM",videoId,eSzigno.SelfServicePresenter.Status.aborted,PROD Release,0,FaceKom disconnected,6196d999-6e2b-4ba8-96ad-47097e8a3072-1771486940_Feb_23__2026__10_58_59_AM.log,,disconnected (0),2026-03-05T22:15:52.708Z,
"1538ba83-32c7-4e0f-8288-bffa627d6423-1771577682__Feb 23, 2026, 10:46:38 AM",https://videoid-mobile.e-szigno.hu/identification/1538ba83-32c7-4e0f-8288-bffa627d6423-1771577682,1538ba83-32c7-4e0f-8288-bffa627d6423-1771577682,unknown,3.6.1 (2662),iOS 26.3.0,26,iPhone 14 Pro,"Feb 23, 2026, 10:46:38 AM",videoId,eSzigno.SelfServicePresenter.Status.finished,PROD Release,0,FaceKom disconnected,1538ba83-32c7-4e0f-8288-bffa627d6423-1771577682_Feb_23__2026__10_46_38_AM.log,,disconnected (0),2026-03-05T22:16:15.873Z,
"cb592676-8605-4c45-97b8-8c0400e59477__Feb 23, 2026, 10:02:08 AM",https://videoid-mobile.e-szigno.hu/identification/cb592676-8605-4c45-97b8-8c0400e59477,cb592676-8605-4c45-97b8-8c0400e59477,unknown,3.6.1 (2662),iOS 26.2.0,26,iPhone 13 Mini,"Feb 23, 2026, 10:02:08 AM",videoId,eSzigno.SelfServicePresenter.Status.finished,PROD Release,0,FaceKom disconnected,cb592676-8605-4c45-97b8-8c0400e59477_Feb_23__2026__10_02_08_AM.log,,disconnected (0),2026-03-05T22:16:39.065Z,
"58c1477e-ec2b-47a3-963d-d92aa2315f25__Feb 23, 2026, 9:11:41 AM",https://videoid-mobile.e-szigno.hu/identification/58c1477e-ec2b-47a3-963d-d92aa2315f25,58c1477e-ec2b-47a3-963d-d92aa2315f25,unknown,3.6.1 (2662),iOS 18.6.2,18,iPhone 13 Mini,"Feb 23, 2026, 9:11:41 AM",videoId,eSzigno.SelfServicePresenter.Status.finished,PROD Release,0,FaceKom disconnected,58c1477e-ec2b-47a3-963d-d92aa2315f25_Feb_23__2026__9_11_41_AM.log,,disconnected (0),2026-03-05T22:17:02.242Z,
"3859ea32-11b1-4887-8099-bc4ff2a359c1__Feb 22, 2026, 12:54:44 PM",https://videoid-mobile.e-szigno.hu/identification/3859ea32-11b1-4887-8099-bc4ff2a359c1,3859ea32-11b1-4887-8099-bc4ff2a359c1,unknown,3.6.1 (2662),iOS 18.2.1,18,iPhone 11,"Feb 22, 2026, 12:54:44 PM",Logged in videoId,unknown,PROD Release,0,FaceKom disconnected,3859ea32-11b1-4887-8099-bc4ff2a359c1_Feb_22__2026__12_54_44_PM.log,,disconnected (0),2026-03-05T22:17:30.449Z,
"3859ea32-11b1-4887-8099-bc4ff2a359c1__Feb 22, 2026, 12:52:19 PM",https://videoid-mobile.e-szigno.hu/identification/3859ea32-11b1-4887-8099-bc4ff2a359c1,3859ea32-11b1-4887-8099-bc4ff2a359c1,unknown,3.6.1 (2662),iOS 18.2.1,18,iPhone 11,"Feb 22, 2026, 12:52:19 PM",Logged in videoId,unknown,PROD Release,0,FaceKom disconnected,3859ea32-11b1-4887-8099-bc4ff2a359c1_Feb_22__2026__12_52_19_PM.log,,disconnected (0),2026-03-05T22:17:58.657Z,
"1378fe79-d256-4040-a5a8-655a0b9a0d20__Feb 21, 2026, 9:42:29 AM",https://videoid-mobile.e-szigno.hu/identification/1378fe79-d256-4040-a5a8-655a0b9a0d20,1378fe79-d256-4040-a5a8-655a0b9a0d20,unknown,3.6.1 (2662),iOS 18.6.2,18,iPhone 14 Pro Max,"Feb 21, 2026, 9:42:29 AM",videoId,unknown,PROD Release,0,FaceKom disconnected,1378fe79-d256-4040-a5a8-655a0b9a0d20_Feb_21__2026__9_42_29_AM.log,,disconnected (0),2026-03-05T22:18:26.838Z,
"e5d7a6a9-96d8-448a-b77e-5f9294ecdc47__Feb 20, 2026, 8:11:35 PM",https://videoid-mobile.e-szigno.hu/identification/e5d7a6a9-96d8-448a-b77e-5f9294ecdc47,e5d7a6a9-96d8-448a-b77e-5f9294ecdc47,unknown,3.6.1 (2662),iOS 26.2.1,26,iPhone 13 Mini,"Feb 20, 2026, 8:11:35 PM",Logged out videoId,unknown,PROD Release,0,FaceKom disconnected,e5d7a6a9-96d8-448a-b77e-5f9294ecdc47_Feb_20__2026__8_11_35_PM.log,,disconnected (0),2026-03-05T22:18:55.042Z,
"e5d7a6a9-96d8-448a-b77e-5f9294ecdc47__Feb 20, 2026, 8:09:00 PM",https://videoid-mobile.e-szigno.hu/identification/e5d7a6a9-96d8-448a-b77e-5f9294ecdc47,e5d7a6a9-96d8-448a-b77e-5f9294ecdc47,unknown,3.6.1 (2662),iOS 26.2.1,26,iPhone 13 Mini,"Feb 20, 2026, 8:09:00 PM",Logged out videoId,eSzigno.SelfServicePresenter.Status.aborted,PROD Release,0,FaceKom disconnected,e5d7a6a9-96d8-448a-b77e-5f9294ecdc47_Feb_20__2026__8_09_00_PM.log,,disconnected (0),2026-03-05T22:19:18.300Z,
"e5d7a6a9-96d8-448a-b77e-5f9294ecdc47__Feb 20, 2026, 7:58:56 PM",https://videoid-mobile.e-szigno.hu/identification/e5d7a6a9-96d8-448a-b77e-5f9294ecdc47,e5d7a6a9-96d8-448a-b77e-5f9294ecdc47,unknown,3.6.1 (2662),iOS 26.2.1,26,iPhone 13 Mini,"Feb 20, 2026, 7:58:56 PM",videoId,eSzigno.SelfServicePresenter.Status.aborted,PROD Release,0,FaceKom disconnected,e5d7a6a9-96d8-448a-b77e-5f9294ecdc47_Feb_20__2026__7_58_56_PM.log,,disconnected (0),2026-03-05T22:19:41.471Z,
"e5d7a6a9-96d8-448a-b77e-5f9294ecdc47__Feb 20, 2026, 7:52:01 PM",https://videoid-mobile.e-szigno.hu/identification/e5d7a6a9-96d8-448a-b77e-5f9294ecdc47,e5d7a6a9-96d8-448a-b77e-5f9294ecdc47,unknown,3.6.1 (2662),iOS 26.2.1,26,iPhone 13 Mini,"Feb 20, 2026, 7:52:01 PM",videoId,eSzigno.SelfServicePresenter.Status.aborted,PROD Release,0,FaceKom disconnected,e5d7a6a9-96d8-448a-b77e-5f9294ecdc47_Feb_20__2026__7_52_01_PM.log,,disconnected (0),2026-03-05T22:20:04.650Z,
"b371783a-2f72-4052-8bdf-fdaf53d0e316__Feb 20, 2026, 3:51:31 PM",https://videoid-mobile.e-szigno.hu/identification/b371783a-2f72-4052-8bdf-fdaf53d0e316,b371783a-2f72-4052-8bdf-fdaf53d0e316,unknown,3.6.1 (2662),iOS 26.2.0,26,iPhone 14,"Feb 20, 2026, 3:51:31 PM",videoId,unknown,PROD Release,0,FaceKom disconnected,b371783a-2f72-4052-8bdf-fdaf53d0e316_Feb_20__2026__3_51_31_PM.log,,disconnected (0),2026-03-05T22:20:32.866Z,
"9594624b-c759-4237-ae8f-4724510dcc9e__Feb 20, 2026, 2:51:08 PM",https://videoid-mobile.e-szigno.hu/identification/9594624b-c759-4237-ae8f-4724510dcc9e,9594624b-c759-4237-ae8f-4724510dcc9e,unknown,3.6.1 (2662),iOS 26.2.0,26,iPhone 17 Pro Max,"Feb 20, 2026, 2:51:08 PM",videoId,unknown,PROD Release,0,FaceKom disconnected,9594624b-c759-4237-ae8f-4724510dcc9e_Feb_20__2026__2_51_08_PM.log,,disconnected (0),2026-03-05T22:21:01.046Z,
"37179f03-a46e-4454-a07a-be493b447dc0__Feb 20, 2026, 1:53:18 PM",https://videoid-mobile.e-szigno.hu/identification/37179f03-a46e-4454-a07a-be493b447dc0,37179f03-a46e-4454-a07a-be493b447dc0,unknown,3.6.1 (2662),iOS 16.7.12,16,iPhone 8 Plus,"Feb 20, 2026, 1:53:18 PM",videoId,eSzigno.SelfServicePresenter.Status.aborted,PROD Release,0,FaceKom disconnected,37179f03-a46e-4454-a07a-be493b447dc0_Feb_20__2026__1_53_18_PM.log,,disconnected (0),2026-03-05T22:21:24.241Z,
"4a7a450c-0c64-4593-a600-541e508a0c35__Feb 20, 2026, 11:50:12 AM",https://videoid-mobile.e-szigno.hu/identification/4a7a450c-0c64-4593-a600-541e508a0c35,4a7a450c-0c64-4593-a600-541e508a0c35,unknown,3.6.1 (2662),iOS 17.6.1,17,iPhone 11 Pro,"Feb 20, 2026, 11:50:12 AM",Logged in videoId,unknown,PROD Release,0,FaceKom disconnected,4a7a450c-0c64-4593-a600-541e508a0c35_Feb_20__2026__11_50_12_AM.log,,disconnected (0),2026-03-05T22:21:52.435Z,
"4a7a450c-0c64-4593-a600-541e508a0c35__Feb 20, 2026, 11:47:39 AM",https://videoid-mobile.e-szigno.hu/identification/4a7a450c-0c64-4593-a600-541e508a0c35,4a7a450c-0c64-4593-a600-541e508a0c35,unknown,3.6.1 (2662),iOS 17.6.1,17,iPhone 11 Pro,"Feb 20, 2026, 11:47:39 AM",Logged in videoId,eSzigno.SelfServicePresenter.Status.aborted,PROD Release,0,FaceKom disconnected,4a7a450c-0c64-4593-a600-541e508a0c35_Feb_20__2026__11_47_39_AM.log,,disconnected (0),2026-03-05T22:22:15.601Z,
"4a7a450c-0c64-4593-a600-541e508a0c35__Feb 20, 2026, 11:37:47 AM",https://videoid-mobile.e-szigno.hu/identification/4a7a450c-0c64-4593-a600-541e508a0c35,4a7a450c-0c64-4593-a600-541e508a0c35,unknown,3.6.1 (2662),iOS 17.6.1,17,iPhone 11 Pro,"Feb 20, 2026, 11:37:47 AM",Logged in videoId,eSzigno.SelfServicePresenter.Status.aborted,PROD Release,0,FaceKom disconnected,4a7a450c-0c64-4593-a600-541e508a0c35_Feb_20__2026__11_37_47_AM.log,,disconnected (0),2026-03-05T22:22:38.788Z,
"5688cfd9-f893-42e4-842c-f33c009692f1__Feb 19, 2026, 6:42:38 PM",https://videoid-mobile.e-szigno.hu/identification/5688cfd9-f893-42e4-842c-f33c009692f1,5688cfd9-f893-42e4-842c-f33c009692f1,unknown,3.6.1 (2662),iOS 26.2.1,26,iPhone 14 Pro,"Feb 19, 2026, 6:42:38 PM",Logged out videoId,eSzigno.SelfServicePresenter.Status.aborted,PROD Release,0,FaceKom disconnected,5688cfd9-f893-42e4-842c-f33c009692f1_Feb_19__2026__6_42_38_PM.log,,disconnected (0),2026-03-05T22:23:01.979Z,
"5688cfd9-f893-42e4-842c-f33c009692f1__Feb 19, 2026, 6:40:29 PM",https://videoid-mobile.e-szigno.hu/identification/5688cfd9-f893-42e4-842c-f33c009692f1,5688cfd9-f893-42e4-842c-f33c009692f1,unknown,3.6.1 (2662),iOS 26.2.1,26,iPhone 14 Pro,"Feb 19, 2026, 6:40:29 PM",Logged out videoId,eSzigno.SelfServicePresenter.Status.aborted,PROD Release,0,FaceKom disconnected,5688cfd9-f893-42e4-842c-f33c009692f1_Feb_19__2026__6_40_29_PM.log,,disconnected (0),2026-03-05T22:23:25.163Z,
"0b1ed663-f99c-4016-a0b9-a1a018898d02-1771488696__Feb 19, 2026, 4:52:23 PM",https://videoid-mobile.e-szigno.hu/identification/0b1ed663-f99c-4016-a0b9-a1a018898d02-1771488696,0b1ed663-f99c-4016-a0b9-a1a018898d02-1771488696,unknown,3.6.1 (2662),iOS 26.2.1,26,iPhone 16 Pro Max,"Feb 19, 2026, 4:52:23 PM",Logged in videoId,eSzigno.SelfServicePresenter.Status.finished,PROD Release,0,FaceKom disconnected,0b1ed663-f99c-4016-a0b9-a1a018898d02-1771488696_Feb_19__2026__4_52_23_PM.log,,disconnected (0),2026-03-05T22:23:48.334Z,
"59733438-3c99-4dfd-bce2-0bce353324c5__Feb 19, 2026, 4:10:18 PM",https://videoid-mobile.e-szigno.hu/identification/59733438-3c99-4dfd-bce2-0bce353324c5,59733438-3c99-4dfd-bce2-0bce353324c5,unknown,3.6.1 (2662),iOS 26.2.1,26,iPhone 13,"Feb 19, 2026, 4:10:18 PM",Logged out videoId,eSzigno.SelfServicePresenter.Status.aborted,PROD Release,0,FaceKom disconnected,59733438-3c99-4dfd-bce2-0bce353324c5_Feb_19__2026__4_10_18_PM.log,,disconnected (0),2026-03-05T22:24:11.475Z,
"d5da8775-208a-4bd0-bce4-937b361caffb__Feb 19, 2026, 1:02:40 PM",https://videoid-mobile.e-szigno.hu/identification/d5da8775-208a-4bd0-bce4-937b361caffb,d5da8775-208a-4bd0-bce4-937b361caffb,unknown,3.6.1 (2662),iOS 26.2.1,26,iPhone 15 Pro Max,"Feb 19, 2026, 1:02:40 PM",videoId,unknown,PROD Release,0,FaceKom disconnected,d5da8775-208a-4bd0-bce4-937b361caffb_Feb_19__2026__1_02_40_PM.log,,disconnected (0),2026-03-05T22:24:39.633Z,
"d5da8775-208a-4bd0-bce4-937b361caffb__Feb 19, 2026, 1:00:50 PM",https://videoid-mobile.e-szigno.hu/identification/d5da8775-208a-4bd0-bce4-937b361caffb,d5da8775-208a-4bd0-bce4-937b361caffb,unknown,3.6.1 (2662),iOS 26.2.1,26,iPhone 15 Pro Max,"Feb 19, 2026, 1:00:50 PM",videoId,unknown,PROD Release,0,FaceKom disconnected,d5da8775-208a-4bd0-bce4-937b361caffb_Feb_19__2026__1_00_50_PM.log,,disconnected (0),2026-03-05T22:25:07.779Z,
"2dfc1775-5726-4954-a89e-e15dbc242516__Feb 19, 2026, 11:11:49 AM",https://videoid-mobile.e-szigno.hu/identification/2dfc1775-5726-4954-a89e-e15dbc242516,2dfc1775-5726-4954-a89e-e15dbc242516,unknown,3.6.1 (2662),iOS 26.2.1,26,iPhone 15 Pro Max,"Feb 19, 2026, 11:11:49 AM",videoId,unknown,PROD Release,0,FaceKom disconnected,2dfc1775-5726-4954-a89e-e15dbc242516_Feb_19__2026__11_11_49_AM.log,,disconnected (0),2026-03-05T22:25:35.857Z,
"4418acef-27aa-418f-982c-3288bbc0e4e5-1769958511__Feb 19, 2026, 9:43:20 AM",https://videoid-mobile.e-szigno.hu/identification/4418acef-27aa-418f-982c-3288bbc0e4e5-1769958511,4418acef-27aa-418f-982c-3288bbc0e4e5-1769958511,unknown,3.6.1 (2662),iOS 26.2.0,26,iPhone 16,"Feb 19, 2026, 9:43:20 AM",Logged in videoId,eSzigno.SelfServicePresenter.Status.finished,PROD Release,0,FaceKom disconnected,4418acef-27aa-418f-982c-3288bbc0e4e5-1769958511_Feb_19__2026__9_43_20_AM.log,,disconnected (0),2026-03-05T22:25:58.970Z,
"5688cfd9-f893-42e4-842c-f33c009692f1__Feb 18, 2026, 6:39:50 PM",https://videoid-mobile.e-szigno.hu/identification/5688cfd9-f893-42e4-842c-f33c009692f1,5688cfd9-f893-42e4-842c-f33c009692f1,unknown,3.6.1 (2662),iOS 26.2.1,26,iPhone 14 Pro,"Feb 18, 2026, 6:39:50 PM",Logged out videoId,eSzigno.SelfServicePresenter.Status.aborted,PROD Release,0,FaceKom disconnected,5688cfd9-f893-42e4-842c-f33c009692f1_Feb_18__2026__6_39_50_PM.log,,disconnected (0),2026-03-05T22:26:22.035Z,
"ad4c1cd9-a87f-4068-ac6d-ba174b5bcc65-1771422752__Feb 18, 2026, 2:59:23 PM",https://videoid-mobile.e-szigno.hu/identification/ad4c1cd9-a87f-4068-ac6d-ba174b5bcc65-1771422752,ad4c1cd9-a87f-4068-ac6d-ba174b5bcc65-1771422752,unknown,3.6.1 (2662),iOS 26.2.1,26,iPhone 17 Pro,"Feb 18, 2026, 2:59:23 PM",Logged out videoId,eSzigno.SelfServicePresenter.Status.finished,PROD Release,0,FaceKom disconnected,ad4c1cd9-a87f-4068-ac6d-ba174b5bcc65-1771422752_Feb_18__2026__2_59_23_PM.log,,disconnected (0),2026-03-05T22:26:45.047Z,
"21f761e0-42da-4281-a5ca-7d3cabdf27c2-1771229965__Feb 18, 2026, 1:11:29 PM",https://videoid-mobile.e-szigno.hu/identification/21f761e0-42da-4281-a5ca-7d3cabdf27c2-1771229965,21f761e0-42da-4281-a5ca-7d3cabdf27c2-1771229965,unknown,3.6.1 (2662),iOS 26.2.0,26,iPhone 11,"Feb 18, 2026, 1:11:29 PM",Logged out videoId,eSzigno.SelfServicePresenter.Status.finished,PROD Release,0,FaceKom disconnected,21f761e0-42da-4281-a5ca-7d3cabdf27c2-1771229965_Feb_18__2026__1_11_29_PM.log,,disconnected (0),2026-03-05T22:27:08.188Z,
"5c3711d6-fc1a-4183-8dba-dec6faabc449__Feb 18, 2026, 1:00:28 PM",https://videoid-mobile.e-szigno.hu/identification/5c3711d6-fc1a-4183-8dba-dec6faabc449,5c3711d6-fc1a-4183-8dba-dec6faabc449,unknown,3.6.1 (2662),iOS 18.5.0,18,iPhone SE (2nd generation),"Feb 18, 2026, 1:00:28 PM",videoId,eSzigno.SelfServicePresenter.Status.aborted,PROD Release,0,FaceKom disconnected,5c3711d6-fc1a-4183-8dba-dec6faabc449_Feb_18__2026__1_00_28_PM.log,,disconnected (0),2026-03-05T22:27:31.356Z,
"6c4911b7-61ce-4c13-af61-7b9efe30946b-1771405371__Feb 18, 2026, 10:24:52 AM",https://videoid-mobile.e-szigno.hu/identification/6c4911b7-61ce-4c13-af61-7b9efe30946b-1771405371,6c4911b7-61ce-4c13-af61-7b9efe30946b-1771405371,unknown,3.6.1 (2662),iOS 26.2.1,26,iPhone 17 Pro,"Feb 18, 2026, 10:24:52 AM",videoId,unknown,PROD Release,0,FaceKom disconnected,6c4911b7-61ce-4c13-af61-7b9efe30946b-1771405371_Feb_18__2026__10_24_52_AM.log,,disconnected (0),2026-03-05T22:27:59.528Z,
"6c4911b7-61ce-4c13-af61-7b9efe30946b-1771405371__Feb 18, 2026, 10:19:17 AM",https://videoid-mobile.e-szigno.hu/identification/6c4911b7-61ce-4c13-af61-7b9efe30946b-1771405371,6c4911b7-61ce-4c13-af61-7b9efe30946b-1771405371,unknown,3.6.1 (2662),iOS 26.2.1,26,iPhone 17 Pro,"Feb 18, 2026, 10:19:17 AM",videoId,eSzigno.SelfServicePresenter.Status.aborted,PROD Release,0,FaceKom disconnected,6c4911b7-61ce-4c13-af61-7b9efe30946b-1771405371_Feb_18__2026__10_19_17_AM.log,,disconnected (0),2026-03-05T22:28:22.673Z,
"3acca007-e072-423f-a1a1-dd6e62258d64__Feb 17, 2026, 5:47:39 PM",https://videoid-mobile.e-szigno.hu/identification/3acca007-e072-423f-a1a1-dd6e62258d64,3acca007-e072-423f-a1a1-dd6e62258d64,unknown,3.6.1 (2662),iOS 18.6.2,18,iPhone 12,"Feb 17, 2026, 5:47:39 PM",videoId,eSzigno.SelfServicePresenter.Status.aborted,PROD Release,0,FaceKom disconnected,3acca007-e072-423f-a1a1-dd6e62258d64_Feb_17__2026__5_47_39_PM.log,,disconnected (0),2026-03-05T22:28:45.822Z,
"3acca007-e072-423f-a1a1-dd6e62258d64__Feb 17, 2026, 5:44:16 PM",https://videoid-mobile.e-szigno.hu/identification/3acca007-e072-423f-a1a1-dd6e62258d64,3acca007-e072-423f-a1a1-dd6e62258d64,unknown,3.6.1 (2662),iOS 18.6.2,18,iPhone 12,"Feb 17, 2026, 5:44:16 PM",videoId,eSzigno.SelfServicePresenter.Status.aborted,PROD Release,0,FaceKom disconnected,3acca007-e072-423f-a1a1-dd6e62258d64_Feb_17__2026__5_44_16_PM.log,,disconnected (0),2026-03-05T22:29:08.988Z,
"00b1af6d-5b93-4373-9ba4-204432cff16d__Feb 17, 2026, 5:40:43 PM",https://videoid-mobile.e-szigno.hu/identification/00b1af6d-5b93-4373-9ba4-204432cff16d,00b1af6d-5b93-4373-9ba4-204432cff16d,unknown,3.6.1 (2662),iOS 26.2.1,26,iPhone SE (2nd generation),"Feb 17, 2026, 5:40:43 PM",videoId,eSzigno.SelfServicePresenter.Status.aborted,PROD Release,0,FaceKom disconnected,00b1af6d-5b93-4373-9ba4-204432cff16d_Feb_17__2026__5_40_43_PM.log,,disconnected (0),2026-03-05T22:29:32.148Z,
"e06a5a41-f1c4-4879-b571-e6a302132e74__Feb 17, 2026, 4:28:05 PM",https://videoid-mobile.e-szigno.hu/identification/e06a5a41-f1c4-4879-b571-e6a302132e74,e06a5a41-f1c4-4879-b571-e6a302132e74,unknown,3.6.1 (2662),iOS 26.2.1,26,iPhone 14,"Feb 17, 2026, 4:28:05 PM",videoId,unknown,PROD Release,0,FaceKom disconnected,e06a5a41-f1c4-4879-b571-e6a302132e74_Feb_17__2026__4_28_05_PM.log,,disconnected (0),2026-03-05T22:30:00.317Z,
"ad4c1cd9-a87f-4068-ac6d-ba174b5bcc65__Feb 17, 2026, 4:02:49 PM",https://videoid-mobile.e-szigno.hu/identification/ad4c1cd9-a87f-4068-ac6d-ba174b5bcc65,ad4c1cd9-a87f-4068-ac6d-ba174b5bcc65,unknown,3.6.1 (2662),iOS 26.2.1,26,iPhone 17 Pro,"Feb 17, 2026, 4:02:49 PM",videoId,eSzigno.SelfServicePresenter.Status.finished,PROD Release,0,FaceKom disconnected,ad4c1cd9-a87f-4068-ac6d-ba174b5bcc65_Feb_17__2026__4_02_49_PM.log,,disconnected (0),2026-03-05T22:30:23.468Z,
"ad4c1cd9-a87f-4068-ac6d-ba174b5bcc65__Feb 17, 2026, 4:00:35 PM",https://videoid-mobile.e-szigno.hu/identification/ad4c1cd9-a87f-4068-ac6d-ba174b5bcc65,ad4c1cd9-a87f-4068-ac6d-ba174b5bcc65,unknown,3.6.1 (2662),iOS 26.2.1,26,iPhone 17 Pro,"Feb 17, 2026, 4:00:35 PM",Logged out videoId,eSzigno.SelfServicePresenter.Status.aborted,PROD Release,0,FaceKom disconnected,ad4c1cd9-a87f-4068-ac6d-ba174b5bcc65_Feb_17__2026__4_00_35_PM.log,,disconnected (0),2026-03-05T22:30:46.668Z,
"ad4c1cd9-a87f-4068-ac6d-ba174b5bcc65__Feb 17, 2026, 3:50:45 PM",https://videoid-mobile.e-szigno.hu/identification/ad4c1cd9-a87f-4068-ac6d-ba174b5bcc65,ad4c1cd9-a87f-4068-ac6d-ba174b5bcc65,unknown,3.6.1 (2662),iOS 26.2.1,26,iPhone 17 Pro,"Feb 17, 2026, 3:50:45 PM",Logged out videoId,unknown,PROD Release,0,FaceKom disconnected,ad4c1cd9-a87f-4068-ac6d-ba174b5bcc65_Feb_17__2026__3_50_45_PM.log,,disconnected (0),2026-03-05T22:31:14.874Z,
"7b78aa24-2979-4507-85ae-c03acd76f321__Feb 17, 2026, 3:06:11 PM",https://videoid-mobile.e-szigno.hu/identification/7b78aa24-2979-4507-85ae-c03acd76f321,7b78aa24-2979-4507-85ae-c03acd76f321,unknown,3.6.1 (2662),iOS 26.2.1,26,iPhone 15 Pro Max,"Feb 17, 2026, 3:06:11 PM",videoId,eSzigno.SelfServicePresenter.Status.finished,PROD Release,0,FaceKom disconnected,7b78aa24-2979-4507-85ae-c03acd76f321_Feb_17__2026__3_06_11_PM.log,,disconnected (0),2026-03-05T22:31:38.049Z,
"7b78aa24-2979-4507-85ae-c03acd76f321__Feb 17, 2026, 2:58:02 PM",https://videoid-mobile.e-szigno.hu/identification/7b78aa24-2979-4507-85ae-c03acd76f321,7b78aa24-2979-4507-85ae-c03acd76f321,unknown,3.6.1 (2662),iOS 26.1.0,26,iPhone 17 Pro Max,"Feb 17, 2026, 2:58:02 PM",Logged out videoId,unknown,PROD Release,0,FaceKom disconnected,7b78aa24-2979-4507-85ae-c03acd76f321_Feb_17__2026__2_58_02_PM.log,,disconnected (0),2026-03-05T22:32:06.230Z,
"70ea9015-0994-46b4-8f1c-b2143ca39e1b-1771326228__Feb 17, 2026, 2:30:33 PM",https://videoid-mobile.e-szigno.hu/identification/70ea9015-0994-46b4-8f1c-b2143ca39e1b-1771326228,70ea9015-0994-46b4-8f1c-b2143ca39e1b-1771326228,unknown,3.6.1 (2662),iOS 26.2.1,26,iPhone 14 Plus,"Feb 17, 2026, 2:30:33 PM",videoId,eSzigno.SelfServicePresenter.Status.finished,PROD Release,0,FaceKom disconnected,70ea9015-0994-46b4-8f1c-b2143ca39e1b-1771326228_Feb_17__2026__2_30_33_PM.log,,disconnected (0),2026-03-05T22:32:29.420Z,
"70ea9015-0994-46b4-8f1c-b2143ca39e1b-1771326228__Feb 17, 2026, 2:28:51 PM",https://videoid-mobile.e-szigno.hu/identification/70ea9015-0994-46b4-8f1c-b2143ca39e1b-1771326228,70ea9015-0994-46b4-8f1c-b2143ca39e1b-1771326228,unknown,3.6.1 (2662),iOS 26.2.1,26,iPhone 14 Plus,"Feb 17, 2026, 2:28:51 PM",videoId,eSzigno.SelfServicePresenter.Status.finished,PROD Release,0,FaceKom disconnected,70ea9015-0994-46b4-8f1c-b2143ca39e1b-1771326228_Feb_17__2026__2_28_51_PM.log,,disconnected (0),2026-03-05T22:32:52.553Z,
"5185d72a-0756-407c-b455-559a3a6f9b2d__Feb 17, 2026, 12:58:35 PM",https://videoid-mobile.e-szigno.hu/identification/5185d72a-0756-407c-b455-559a3a6f9b2d,5185d72a-0756-407c-b455-559a3a6f9b2d,unknown,3.6.1 (2662),iOS 18.6.2,18,iPhone 16 Pro,"Feb 17, 2026, 12:58:35 PM",Logged out videoId,eSzigno.SelfServicePresenter.Status.aborted,PROD Release,0,FaceKom disconnected,5185d72a-0756-407c-b455-559a3a6f9b2d_Feb_17__2026__12_58_35_PM.log,,disconnected (0),2026-03-05T22:33:15.728Z,
"6de3c4f7-2cf1-4c73-a7f9-23cfa188ddfc__Feb 17, 2026, 10:42:03 AM",https://videoid-mobile.e-szigno.hu/identification/6de3c4f7-2cf1-4c73-a7f9-23cfa188ddfc,6de3c4f7-2cf1-4c73-a7f9-23cfa188ddfc,unknown,3.6.1 (2662),iOS 18.7.3,18,iPhone XS Max,"Feb 17, 2026, 10:42:03 AM",videoId,eSzigno.SelfServicePresenter.Status.finished,PROD Release,0,FaceKom disconnected,6de3c4f7-2cf1-4c73-a7f9-23cfa188ddfc_Feb_17__2026__10_42_03_AM.log,,disconnected (0),2026-03-05T22:33:38.853Z,
"6de3c4f7-2cf1-4c73-a7f9-23cfa188ddfc__Feb 17, 2026, 10:31:45 AM",https://videoid-mobile.e-szigno.hu/identification/6de3c4f7-2cf1-4c73-a7f9-23cfa188ddfc,6de3c4f7-2cf1-4c73-a7f9-23cfa188ddfc,unknown,3.6.1 (2662),iOS 18.7.3,18,iPhone XS Max,"Feb 17, 2026, 10:31:45 AM",videoId,eSzigno.SelfServicePresenter.Status.finished,PROD Release,0,FaceKom disconnected,6de3c4f7-2cf1-4c73-a7f9-23cfa188ddfc_Feb_17__2026__10_31_45_AM.log,,disconnected (0),2026-03-05T22:34:01.893Z,
"f69b1fee-9c0b-4e92-8f72-01a88c27e9cf-1771257583__Feb 17, 2026, 9:42:51 AM",https://videoid-mobile.e-szigno.hu/identification/f69b1fee-9c0b-4e92-8f72-01a88c27e9cf-1771257583,f69b1fee-9c0b-4e92-8f72-01a88c27e9cf-1771257583,unknown,3.6.1 (2662),iOS 26.2.1,26,iPhone 14 Pro,"Feb 17, 2026, 9:42:51 AM",Logged out videoId,eSzigno.SelfServicePresenter.Status.aborted,PROD Release,0,FaceKom disconnected,f69b1fee-9c0b-4e92-8f72-01a88c27e9cf-1771257583_Feb_17__2026__9_42_51_AM.log,,disconnected (0),2026-03-05T22:34:24.977Z,
"f69b1fee-9c0b-4e92-8f72-01a88c27e9cf-1771257583__Feb 16, 2026, 8:17:17 PM",https://videoid-mobile.e-szigno.hu/identification/f69b1fee-9c0b-4e92-8f72-01a88c27e9cf-1771257583,f69b1fee-9c0b-4e92-8f72-01a88c27e9cf-1771257583,unknown,3.6.1 (2662),iOS 26.2.1,26,iPhone 14 Pro,"Feb 16, 2026, 8:17:17 PM",Logged out videoId,eSzigno.SelfServicePresenter.Status.aborted,PROD Release,0,FaceKom disconnected,f69b1fee-9c0b-4e92-8f72-01a88c27e9cf-1771257583_Feb_16__2026__8_17_17_PM.log,,disconnected (0),2026-03-05T22:34:48.142Z,
"a6d9651f-0c90-4ebb-8dc7-dd34bd83272e__Feb 16, 2026, 8:04:00 PM",https://videoid-mobile.e-szigno.hu/identification/a6d9651f-0c90-4ebb-8dc7-dd34bd83272e,a6d9651f-0c90-4ebb-8dc7-dd34bd83272e,unknown,3.6.1 (2662),iOS 26.2.1,26,iPhone 13 Mini,"Feb 16, 2026, 8:04:00 PM",videoId,unknown,PROD Release,0,FaceKom disconnected,a6d9651f-0c90-4ebb-8dc7-dd34bd83272e_Feb_16__2026__8_04_00_PM.log,,disconnected (0),2026-03-05T22:35:16.301Z,
"7f76f29a-67a3-4526-8ccb-f309bfdf7a79__Feb 16, 2026, 3:08:18 PM",https://videoid-mobile.e-szigno.hu/identification/7f76f29a-67a3-4526-8ccb-f309bfdf7a79,7f76f29a-67a3-4526-8ccb-f309bfdf7a79,unknown,3.6.1 (2662),iOS 26.1.0,26,iPhone 16 Pro,"Feb 16, 2026, 3:08:18 PM",Logged out videoId,unknown,PROD Release,0,FaceKom disconnected,7f76f29a-67a3-4526-8ccb-f309bfdf7a79_Feb_16__2026__3_08_18_PM.log,,disconnected (0),2026-03-05T22:35:44.498Z,
"69335e6d-13dd-4754-96c9-d8ee018f77c5-1770968742__Feb 16, 2026, 3:08:14 PM",https://videoid-mobile.e-szigno.hu/identification/69335e6d-13dd-4754-96c9-d8ee018f77c5-1770968742,69335e6d-13dd-4754-96c9-d8ee018f77c5-1770968742,unknown,3.6.1 (2662),iOS 16.7.7,16,iPhone 8,"Feb 16, 2026, 3:08:14 PM",videoId,eSzigno.SelfServicePresenter.Status.finished,PROD Release,0,FaceKom disconnected,69335e6d-13dd-4754-96c9-d8ee018f77c5-1770968742_Feb_16__2026__3_08_14_PM.log,,disconnected (0),2026-03-05T22:36:07.578Z,
"21c282e9-ced3-4102-a769-e01f07389db0__Feb 13, 2026, 4:08:11 PM",https://videoid-mobile.e-szigno.hu/identification/21c282e9-ced3-4102-a769-e01f07389db0,21c282e9-ced3-4102-a769-e01f07389db0,unknown,3.6.1 (2662),iOS 26.0.1,26,iPhone 11 Pro,"Feb 13, 2026, 4:08:11 PM",videoId,eSzigno.SelfServicePresenter.Status.finished,PROD Release,0,FaceKom disconnected,21c282e9-ced3-4102-a769-e01f07389db0_Feb_13__2026__4_08_11_PM.log,,disconnected (0),2026-03-05T22:36:30.675Z,
"89386f77-9b61-4a48-bfc4-e95ef1102d63-1769614073__Feb 13, 2026, 3:04:03 PM",https://videoid-mobile.e-szigno.hu/identification/89386f77-9b61-4a48-bfc4-e95ef1102d63-1769614073,89386f77-9b61-4a48-bfc4-e95ef1102d63-1769614073,unknown,3.6.1 (2662),iOS 18.7.4,18,iPhone XS,"Feb 13, 2026, 3:04:03 PM",Logged out videoId,unknown,PROD Release,0,FaceKom disconnected,89386f77-9b61-4a48-bfc4-e95ef1102d63-1769614073_Feb_13__2026__3_04_03_PM.log,,disconnected (0),2026-03-05T22:36:58.839Z,
"62d71e61-41fd-456c-8907-d80a31145c01__Feb 13, 2026, 2:18:43 PM",https://videoid-mobile.e-szigno.hu/identification/62d71e61-41fd-456c-8907-d80a31145c01,62d71e61-41fd-456c-8907-d80a31145c01,unknown,3.6.1 (2662),iOS 26.2.1,26,iPhone 12 Mini,"Feb 13, 2026, 2:18:43 PM",videoId,eSzigno.SelfServicePresenter.Status.finished,PROD Release,0,FaceKom disconnected,62d71e61-41fd-456c-8907-d80a31145c01_Feb_13__2026__2_18_43_PM.log,,disconnected (0),2026-03-05T22:37:21.981Z,
"d8244aaa-f4aa-44b0-bc87-c1bde4562ae7__Feb 13, 2026, 12:22:35 PM",https://videoid-mobile.e-szigno.hu/identification/d8244aaa-f4aa-44b0-bc87-c1bde4562ae7,d8244aaa-f4aa-44b0-bc87-c1bde4562ae7,unknown,3.6.1 (2662),iOS 26.2.1,26,iPhone SE (2nd generation),"Feb 13, 2026, 12:22:35 PM",videoId,eSzigno.SelfServicePresenter.Status.finished,PROD Release,0,FaceKom disconnected,d8244aaa-f4aa-44b0-bc87-c1bde4562ae7_Feb_13__2026__12_22_35_PM.log,,disconnected (0),2026-03-05T22:37:45.107Z,
"0697f1e9-8357-433e-b9a9-74276486c2b1__Feb 12, 2026, 5:29:03 PM",https://videoid-mobile.e-szigno.hu/identification/0697f1e9-8357-433e-b9a9-74276486c2b1,0697f1e9-8357-433e-b9a9-74276486c2b1,unknown,3.6.1 (2662),iOS 26.2.1,26,iPhone 17 Pro,"Feb 12, 2026, 5:29:03 PM",videoId,eSzigno.SelfServicePresenter.Status.aborted,PROD Release,0,FaceKom disconnected,0697f1e9-8357-433e-b9a9-74276486c2b1_Feb_12__2026__5_29_03_PM.log,,disconnected (0),2026-03-05T22:38:08.305Z,
"5f77f360-ea00-4853-9f43-43f27f8d4f38__Feb 12, 2026, 11:06:51 AM",https://videoid-mobile.e-szigno.hu/identification/5f77f360-ea00-4853-9f43-43f27f8d4f38,5f77f360-ea00-4853-9f43-43f27f8d4f38,unknown,3.6.1 (2662),iOS 26.0.0,26,iPhone Air,"Feb 12, 2026, 11:06:51 AM",Logged out videoId,unknown,PROD Release,0,FaceKom disconnected,5f77f360-ea00-4853-9f43-43f27f8d4f38_Feb_12__2026__11_06_51_AM.log,,disconnected (0),2026-03-05T22:38:36.463Z,
"5f77f360-ea00-4853-9f43-43f27f8d4f38__Feb 12, 2026, 10:59:59 AM",https://videoid-mobile.e-szigno.hu/identification/5f77f360-ea00-4853-9f43-43f27f8d4f38,5f77f360-ea00-4853-9f43-43f27f8d4f38,unknown,3.6.1 (2662),iOS 26.0.0,26,iPhone Air,"Feb 12, 2026, 10:59:59 AM",Logged out videoId,unknown,PROD Release,0,FaceKom disconnected,5f77f360-ea00-4853-9f43-43f27f8d4f38_Feb_12__2026__10_59_59_AM.log,,disconnected (0),2026-03-05T22:39:04.664Z,
"2cbcdc3b-411d-485f-9ec3-1aba8a137fe6__Feb 12, 2026, 10:59:25 AM",https://videoid-mobile.e-szigno.hu/identification/2cbcdc3b-411d-485f-9ec3-1aba8a137fe6,2cbcdc3b-411d-485f-9ec3-1aba8a137fe6,unknown,3.6.1 (2662),iOS 26.2.1,26,iPhone 14 Pro,"Feb 12, 2026, 10:59:25 AM",videoId,eSzigno.SelfServicePresenter.Status.finished,PROD Release,0,FaceKom disconnected,2cbcdc3b-411d-485f-9ec3-1aba8a137fe6_Feb_12__2026__10_59_25_AM.log,,disconnected (0),2026-03-05T22:39:27.831Z,
"1e37a8cb-150c-4ec1-b6ac-10e9c1475b49-1770882847__Feb 12, 2026, 10:59:14 AM",https://videoid-mobile.e-szigno.hu/identification/1e37a8cb-150c-4ec1-b6ac-10e9c1475b49-1770882847,1e37a8cb-150c-4ec1-b6ac-10e9c1475b49-1770882847,unknown,3.6.1 (2662),iOS 26.2.0,26,iPhone 13 Mini,"Feb 12, 2026, 10:59:14 AM",videoId,eSzigno.SelfServicePresenter.Status.aborted,PROD Release,0,FaceKom disconnected,1e37a8cb-150c-4ec1-b6ac-10e9c1475b49-1770882847_Feb_12__2026__10_59_14_AM.log,,disconnected (0),2026-03-05T22:39:50.932Z,
"2cbcdc3b-411d-485f-9ec3-1aba8a137fe6__Feb 12, 2026, 10:57:50 AM",https://videoid-mobile.e-szigno.hu/identification/2cbcdc3b-411d-485f-9ec3-1aba8a137fe6,2cbcdc3b-411d-485f-9ec3-1aba8a137fe6,unknown,3.6.1 (2662),iOS 26.2.1,26,iPhone 14 Pro,"Feb 12, 2026, 10:57:50 AM",videoId,eSzigno.SelfServicePresenter.Status.finished,PROD Release,0,FaceKom disconnected,2cbcdc3b-411d-485f-9ec3-1aba8a137fe6_Feb_12__2026__10_57_50_AM.log,,disconnected (0),2026-03-05T22:40:14.070Z,
"9130b5c0-0aad-4a9f-9695-1e5370594326-1770799363__Feb 11, 2026, 2:14:02 PM",https://videoid-mobile.e-szigno.hu/identification/9130b5c0-0aad-4a9f-9695-1e5370594326-1770799363,9130b5c0-0aad-4a9f-9695-1e5370594326-1770799363,unknown,3.6.1 (2662),iOS 26.2.1,26,iPhone 16 Pro,"Feb 11, 2026, 2:14:02 PM",videoId,eSzigno.SelfServicePresenter.Status.finished,PROD Release,0,FaceKom disconnected,9130b5c0-0aad-4a9f-9695-1e5370594326-1770799363_Feb_11__2026__2_14_02_PM.log,,disconnected (0),2026-03-05T22:40:37.146Z,
"128bcaf7-d38e-4df5-8c4c-fbc73ba592d4__Feb 11, 2026, 10:56:05 AM",https://videoid-mobile.e-szigno.hu/identification/128bcaf7-d38e-4df5-8c4c-fbc73ba592d4,128bcaf7-d38e-4df5-8c4c-fbc73ba592d4,unknown,3.6.1 (2662),iOS 26.2.1,26,iPhone 14 Pro,"Feb 11, 2026, 10:56:05 AM",videoId,unknown,PROD Release,0,FaceKom disconnected,128bcaf7-d38e-4df5-8c4c-fbc73ba592d4_Feb_11__2026__10_56_05_AM.log,,disconnected (0),2026-03-05T22:41:05.243Z,
"128bcaf7-d38e-4df5-8c4c-fbc73ba592d4__Feb 11, 2026, 10:49:56 AM",https://videoid-mobile.e-szigno.hu/identification/128bcaf7-d38e-4df5-8c4c-fbc73ba592d4,128bcaf7-d38e-4df5-8c4c-fbc73ba592d4,unknown,3.6.1 (2662),iOS 26.2.1,26,iPhone 14 Pro,"Feb 11, 2026, 10:49:56 AM",videoId,unknown,PROD Release,0,FaceKom disconnected,128bcaf7-d38e-4df5-8c4c-fbc73ba592d4_Feb_11__2026__10_49_56_AM.log,,disconnected (0),2026-03-05T22:41:33.418Z,
"73597633-1aa2-49f2-84bf-743e145b487f__Feb 10, 2026, 11:47:11 AM",https://videoid-mobile.e-szigno.hu/identification/73597633-1aa2-49f2-84bf-743e145b487f,73597633-1aa2-49f2-84bf-743e145b487f,unknown,3.6.1 (2662),iOS 26.1.0,26,iPhone 14,"Feb 10, 2026, 11:47:11 AM",videoId,eSzigno.SelfServicePresenter.Status.finished,PROD Release,0,FaceKom disconnected,73597633-1aa2-49f2-84bf-743e145b487f_Feb_10__2026__11_47_11_AM.log,,disconnected (0),2026-03-05T22:41:56.642Z,
"3e8bc7f9-e62d-47b5-bd3b-04fe87bbf585__Feb 10, 2026, 9:35:19 AM",https://videoid-mobile.e-szigno.hu/identification/3e8bc7f9-e62d-47b5-bd3b-04fe87bbf585,3e8bc7f9-e62d-47b5-bd3b-04fe87bbf585,unknown,3.6.1 (2662),iOS 26.2.1,26,iPhone 11 Pro,"Feb 10, 2026, 9:35:19 AM",Logged in videoId,eSzigno.SelfServicePresenter.Status.aborted,PROD Release,0,FaceKom disconnected,3e8bc7f9-e62d-47b5-bd3b-04fe87bbf585_Feb_10__2026__9_35_19_AM.log,,disconnected (0),2026-03-05T22:42:19.834Z,
"547b6726-c02f-43d0-88ec-a1d153d0d8fb__Feb 9, 2026, 7:18:13 PM",https://videoid-mobile.e-szigno.hu/identification/547b6726-c02f-43d0-88ec-a1d153d0d8fb,547b6726-c02f-43d0-88ec-a1d153d0d8fb,unknown,3.6.1 (2662),iOS 26.2.1,26,iPhone 14,"Feb 9, 2026, 7:18:13 PM",videoId,eSzigno.SelfServicePresenter.Status.finished,PROD Release,0,FaceKom disconnected,547b6726-c02f-43d0-88ec-a1d153d0d8fb_Feb_9__2026__7_18_13_PM.log,,disconnected (0),2026-03-05T22:42:42.990Z,
"70b1b0a2-3e7d-4476-b8e4-88aa02057c39__Feb 9, 2026, 6:40:53 AM",https://videoid-mobile.e-szigno.hu/identification/70b1b0a2-3e7d-4476-b8e4-88aa02057c39,70b1b0a2-3e7d-4476-b8e4-88aa02057c39,unknown,3.6.1 (2662),iOS 26.2.1,26,iPhone 11,"Feb 9, 2026, 6:40:53 AM",Logged out videoId,eSzigno.SelfServicePresenter.Status.aborted,PROD Release,0,FaceKom disconnected,70b1b0a2-3e7d-4476-b8e4-88aa02057c39_Feb_9__2026__6_40_53_AM.log,,disconnected (0),2026-03-05T22:43:06.155Z,
"70b1b0a2-3e7d-4476-b8e4-88aa02057c39__Feb 9, 2026, 6:37:34 AM",https://videoid-mobile.e-szigno.hu/identification/70b1b0a2-3e7d-4476-b8e4-88aa02057c39,70b1b0a2-3e7d-4476-b8e4-88aa02057c39,unknown,3.6.1 (2662),iOS 26.2.1,26,iPhone 11,"Feb 9, 2026, 6:37:34 AM",Logged out videoId,eSzigno.SelfServicePresenter.Status.aborted,PROD Release,0,FaceKom disconnected,70b1b0a2-3e7d-4476-b8e4-88aa02057c39_Feb_9__2026__6_37_34_AM.log,,disconnected (0),2026-03-05T22:43:29.357Z,
"db52a933-6fef-43b4-9b60-09e10e2b2f9b__Feb 7, 2026, 6:54:39 PM",https://videoid-mobile.e-szigno.hu/identification/db52a933-6fef-43b4-9b60-09e10e2b2f9b,db52a933-6fef-43b4-9b60-09e10e2b2f9b,unknown,3.6.1 (2662),iOS 26.2.1,26,iPhone 12 Mini,"Feb 7, 2026, 6:54:39 PM",Logged out videoId,unknown,PROD Release,0,FaceKom disconnected,db52a933-6fef-43b4-9b60-09e10e2b2f9b_Feb_7__2026__6_54_39_PM.log,,disconnected (0),2026-03-05T22:43:57.558Z,
"db52a933-6fef-43b4-9b60-09e10e2b2f9b__Feb 7, 2026, 6:47:53 PM",https://videoid-mobile.e-szigno.hu/identification/db52a933-6fef-43b4-9b60-09e10e2b2f9b,db52a933-6fef-43b4-9b60-09e10e2b2f9b,unknown,3.6.1 (2662),iOS 26.2.1,26,iPhone 12 Mini,"Feb 7, 2026, 6:47:53 PM",Logged out videoId,unknown,PROD Release,0,FaceKom disconnected,db52a933-6fef-43b4-9b60-09e10e2b2f9b_Feb_7__2026__6_47_53_PM.log,,disconnected (0),2026-03-05T22:44:25.746Z,
"319bca01-a6f1-4c3d-860e-221b56c7fa2d-1770373758__Feb 6, 2026, 2:07:39 PM",https://videoid-mobile.e-szigno.hu/identification/319bca01-a6f1-4c3d-860e-221b56c7fa2d-1770373758,319bca01-a6f1-4c3d-860e-221b56c7fa2d-1770373758,unknown,3.6.1 (2662),iOS 26.2.1,26,iPhone 12,"Feb 6, 2026, 2:07:39 PM",videoId,unknown,PROD Release,0,FaceKom disconnected,319bca01-a6f1-4c3d-860e-221b56c7fa2d-1770373758_Feb_6__2026__2_07_39_PM.log,,disconnected (0),2026-03-05T22:44:53.914Z,
